Person 1,Person 2,Anniversary
Melanie Levine,Traci Johnson,1987-09-16
Benjamin Blankenship,Cynthia Harper,1982-07-09
Zachary Miller,Becky Brown,2012-06-15
Holly Pena,Benjamin Spence,1991-11-03
Brandon Mcmillan,Miguel Wiley,2008-08-04
Marilyn Morgan,Thomas Velez MD,2023-06-08
Evan Freeman,Kimberly Carpenter,2007-09-29
Kelly Green,Erik Charles,2024-01-26
Mark Savage,David Hahn,2021-03-04
Courtney Miller,David Hahn,1996-08-07
Michael Reid,Jill Fox,1997-07-21
Jennifer Atkins,Matthew Terry,2003-01-21
Kimberly Carpenter,Andrew Lam Jr.,2016-09-14
Jason Barker Jr.,Jacqueline Bruce,1988-10-06
Sandra Sutton,Brittany Miller,2011-06-10
Claudia Moore,Benjamin Blankenship,2004-01-14
Melissa Jacobs,Douglas Bennett,1977-01-29
Mr. Corey Murray,Lisa Riley,2002-02-27
Jennifer Hayes,Mark Savage,2022-02-18
Steven Wall,Denise Hudson,1979-02-13
Christopher Kim,Kimberly Garcia,2011-04-02
Kimberly Carpenter,Angela Osborn,1974-09-01
Dawn White,Claudia Moore,1986-06-08
Jessica Sharp,Stephen Pierce,2000-12-20
Felicia Morales,Meredith Martin,1974-11-23
Aaron Diaz,Michael Davis,1998-07-19
Thomas Clark,Angela Osborn,1982-11-29
Timothy Murillo,Brittany Miller,2004-10-23
Jessica West,Jennifer Butler,1979-12-18
Lauren Lucas,Kelly Green,1979-03-25
Jennifer Shaffer,Christina Mullen,1992-12-24
Zachary Miller,Miguel Ferguson,2009-12-03
Andrew Lam Jr.,Katherine Hall,1994-08-20
Dawn White,Bobby Robinson,1984-04-04
Mary Wilson,Andrew Lam Jr.,2014-04-22
Kevin Sanders,Thomas Massey,2008-12-30
Valerie Bradley,Grace Morrison,1980-12-10
Christopher Santiago,Isabella Randolph,1979-05-27
Thomas Clark,Joseph Christian,1992-10-19
Melissa Cordova,Kimberly Garcia,2019-09-06
Brandon Williams,Meredith Martin,1998-10-14
Kim Thomas,Lisa Riley,2020-07-24
Donna Peterson,Cynthia Harper,1984-11-16
Stephen Pierce,Cynthia Harper,1988-04-22
Timothy Miller,Robert Ewing,2009-06-07
Valerie Bradley,Holly Pena,2003-04-26
Julie Perry DDS,Mary Gonzalez,1993-01-13
Robert Howard,Laura Johnson,2004-01-22
Mr. Corey Murray,Olivia Lambert,2013-07-26
Felicia Morales,Allison Ray,1978-12-01
Emily Gutierrez,James Cochran,2001-07-12
Gary Jackson,Rebecca Jones,2022-09-25
Ashley Gomez,Raymond Kramer,1987-01-22
Willie Burnett,Maria Cunningham,2014-03-22
Kevin Farrell,Traci Johnson,2013-07-29
Jennifer Shaffer,Douglas Bennett,1997-03-30
Crystal Miller,Meredith Martin,1985-06-22
Grace Morrison,Michael Christensen,2011-12-30
Jerry Ford,Peter Reynolds,1995-09-25
Cynthia Mccoy,Erik Clark,2022-10-15
Samuel Vazquez,Kimberly Parks,2019-11-10
Holly Pena,Manuel Beltran,2021-08-24
Caleb Jimenez,Robert Jackson,2002-09-16
Stephen Pierce,Kristin Rodriguez,2015-12-08
Jennifer Barron,Sarah Thomas,2002-11-26
Angela Osborn,Donna Peterson,1980-10-10
Kevin Farrell,Jacqueline Bruce,2019-07-04
Michael Wilkinson,James Rodriguez,2015-06-27
Olivia Lambert,Marie Austin,1985-11-09
Daniel Bernard,Christine Lee,2004-09-12
Brian Ramsey,Kyle Sanchez,1976-03-24
Stephen Pierce,Connie Cox,2006-12-17
Katherine Hall,Meredith Martin,2015-01-26
Dylan Lyons,Edward Ramirez,1997-11-12
Erik Glenn,Jerry Ford,1994-05-16
Michael Davis,Robert Carrillo,1975-08-22
Kimberly Garcia,Jessica Sharp,1975-05-05
James Rodriguez,Timothy Murillo,1977-04-27
Samuel Franklin,Holly Pena,2021-04-27
